{
  "project_info": {
    "project_number": "951560671825",
    "firebase_url": "https://lesapp-v2-default-rtdb.europe-west1.firebasedatabase.app",
    "project_id": "lesapp-v2",
    "storage_bucket": "lesapp-v2.appspot.com"
  },
  "client": [
    {
      "client_info": {
        "mobilesdk_app_id": "1:951560671825:android:96d654315c81db38f69e70",
        "android_client_info": {
          "package_name": "thuri.Lesaforrit"
        }
      },
      "oauth_client": [
        {
          "client_id": "951560671825-i3nsal7qt67guu8su3bieep4kla5daq9.apps.googleusercontent.com",
          "client_type": 3
        }
      ],
      "api_key": [
        {
          "current_key": "AKuMhGUfOSUJnbheRzzln4hECdWhx5SQcthfu7Q4C8pjk"
        }
      ],
      "services": {
        "appinvite_service": {
          "other_platform_oauth_client": [
            {
              "client_id": "951560671825-i3nsal7qt67guu8su3bieep4kla5daq9.apps.googleusercontent.com",
              "client_type": 3
            },
            {
              "client_id": "951560671825-kt39v18u4kpmoh9lhth697o70f13mvnb.apps.googleusercontent.com",
              "client_type": 2,
              "ios_info": {
                "bundle_id": "thuri.Lesaforrit"
              }
            }
          ]
        }
      }
    }
  ],
  "configuration_version": "1"
}